placeID,Rcuisine,latitude,longitude
135110,Cafe-Coffee_Shop,28.88481901323388,77.796651377275
135109,Bar,29.26589956014993,76.75685587000653
135107,Italian,29.40569312210309,77.34212399326427
135106,Bakery,28.639896389599365,78.35054035628505
135105,American,29.049576633720868,78.10288995528549
135104,French,28.853424991341832,78.19133398686465
135103,Mexican,29.180470474066066,78.08560687872277
135103,Mexican,29.367449585411777,76.6081800789418
135103,Mexican,28.736920206202853,76.81389096088728
135103,Mexican,29.00538502123017,76.93385676203573
135102,American,28.506310244774035,76.66983633258732
135102,Mexican,28.661689827130612,77.14566279234366
135102,Mexican,28.678000003195606,78.30753400931783
135101,Chinese,29.49831181144021,76.53738698170733
135101,Japanese,28.56263408148822,78.18263023810627
135100,Bar,28.92452568873224,78.40975138989096
135100,International,28.870713820064363,76.86492429627593
135099,Greek,28.609279646359195,77.64026985444528
135099,Mexican,29.146578267412302,77.94840223421167
135099,Bar_Pub_Brewery,28.868658835536934,77.53732284023198
135099,Mexican,28.63595328480707,78.08913795362403
135099,Bagels,29.293216107397885,77.30606802993273
135099,Mexican,29.08864614010862,76.74467779292064
135098,American,29.152553758892854,77.37656231724272
135098,Chinese,29.00433397813723,77.57820953466135
135098,Mediterranean,29.476386629434213,77.81740923835213
135098,American,29.31723881999512,78.11941818647081
135097,Fast_Food,29.264036477008602,78.06485834257433
135097,Mexican,28.621800691159066,77.12184339640879
135097,Mexican,29.37100512529302,77.6154178160804
135097,Bar,28.916719327176466,78.47844747027598
135097,International,28.573367076238522,77.11515286382807
135097,Spanish,29.105411145901982,78.41592370334253
135094,Dutch-Belgian,28.954648375624362,76.86762084593782
135093,American,28.758269667229605,78.37288784977505
135092,Cafe-Coffee_Shop,28.825753753335086,78.22141147710126
135092,Bar,28.9437696734554,76.6288772490248
135091,French,29.08063795499273,77.8972142353851
135091,Italian,29.24897059560393,78.49903690151105
135090,Chinese,29.0451052596565,78.12002895125354
135089,International,29.04580325240734,76.60759195010726
135088,German,29.424214184658606,77.32455557648747
135086,Vietnamese,28.63229426094705,76.66163734525877
135086,Mexican,29.450948243722323,78.35550423009411
135085,American,28.818396298774466,78.37482826831628
135079,American,28.534418266095475,77.46149626000573
135075,Pizzeria,29.495460241096215,76.73781380487848
135074,Cafe-Coffee_Shop,29.29922182117,77.95092476260412
135073,Mexican,29.090411779764967,78.24544168016223
135073,Mexican,28.570009395368924,78.26864462393772
135072,Mexican,28.722321330632433,76.93966191524143
135071,Mexican,29.18980014996553,76.82227211406926
135071,Mexican,29.145833777561183,77.97843980362559
135069,Mexican,28.53072305001291,78.35991840158592
135061,Mexican,29.171291926701226,78.44650288154904
135060,Mexican,29.206126073305835,76.78042552772295
135059,Mexican,28.99448391059755,78.46627602727935
135058,Continental-European,28.552079302280937,77.03615704848893
135057,Polish,29.082979181607435,78.1083626158043
135056,American,28.738935869387785,78.23168173488641
135055,Cafe-Coffee_Shop,28.86852050256177,77.90410175870831
135054,Sushi,28.85472379317467,77.32922458726294
135053,Italian,28.65149698412302,77.41148219578564
135053,Seafood,28.80320646776648,78.0586184613299
135053,Family,28.812954286253827,76.926005731812
135052,Southwestern,29.271910659564142,77.22137943409554
135052,Mexican,29.224381022806387,77.26582318919999
135049,International,28.70674766765794,77.315477079789
135048,Mexican,28.911105059059135,77.1983450115997
135046,Family,29.03964850541977,77.66737807488344
135044,Pizzeria,29.31661718871664,77.91498937353593
135043,Bar,28.937452520570158,76.95816801558205
135043,Italian,28.60107265251418,77.31302431703308
135042,Vietnamese,28.891313428115314,77.71797647583057
135041,Cafeteria,29.297424908480448,78.46920211057751
135041,Armenian,28.602222203223423,77.60188460936763
135039,Mexican,28.90005536912165,78.36175853975608
135037,Mongolian,29.436829096444963,76.56797257585616
135036,Chinese,29.01906343129943,77.43004123117109
135035,International,28.725035905026235,77.13993312781272
135034,Pizzeria,29.226257106889193,77.2824591194161
135032,Fast_Food,28.901311180724143,77.41390836186538
135032,Bar_Pub_Brewery,29.049899553263657,77.07216753425854
135031,Mexican,29.311356368491957,77.97424286058418
135030,Mexican,29.244856389399168,76.53539585650674
135030,Bar,28.541278434561328,77.25791354095978
135029,Mexican,28.54787137934693,78.0527542535678
135029,Chinese,29.29521981320242,78.13176415176068
135028,International,28.89198960995758,76.68085708870277
135027,Mexican,28.933768487453385,76.85584805789303
135026,International,29.38268172173493,77.46936711004082
135026,American,28.877914860542653,76.78074878248572
135025,French,29.06572821488298,78.45748358013428
135022,Chinese,29.139605660932357,78.4807852156717
135021,Burgers,28.58114906408482,78.29032497455044
135020,International,28.642299352443036,76.62420146320916
135020,American,29.4584399430078,77.06602830828832
135019,International,28.97896694651152,77.05313211648485
135018,International,28.972216920986547,77.04277819976775
135008,French,29.267886926992368,77.72886174678719
135007,Eastern_European,28.79371723535391,76.65322979787331
135007,Mexican,28.823834557052415,76.61892583849782
135007,Bar_Pub_Brewery,29.476524947074417,77.37765952219956
135005,Mexican,29.011017124468562,76.53090791898352
135004,Mexican,29.33671712061888,76.70659098423496
135004,Italian,29.41161374174559,78.20582519663488
135003,Bar,29.28902078324412,77.04529144235588
135002,Mexican,28.704677038949217,77.47373462776802
134999,Family,29.080423477533586,78.48827502609743
134997,Mexican,28.987064253351424,77.63336648010358
134997,African,29.03834752373506,78.47052380664893
134997,Mexican,29.48484809222324,78.08847865035759
134990,Mediterranean,29.26921098177443,78.00520645707435
134990,Japanese,29.425603830709942,78.16238010580962
134989,Mexican,28.5364690892513,78.06564313187404
134988,International,28.519372692794825,77.40981270885958
134986,Greek,29.029875552954632,76.97943612641639
134985,Italian,28.767829700088555,78.02174804682517
134984,Cafeteria,28.81519593765784,76.72266221935004
134983,Japanese,28.845562006057968,77.51179616884359
134983,Latin_American,29.000531151962026,76.8332585906676
134982,American,29.038838236234483,78.47409753178488
134982,Mediterranean,28.594774796326146,78.25482400605898
134981,Mexican,29.28383179258019,77.05548090411351
134980,Mexican,29.03466847881656,77.8468678893979
134976,Sushi,29.016122032839633,76.56812898839445
134976,Fast_Food,28.681266211532016,78.1855768086231
134976,Mexican,29.158507803826758,77.30594860164801
134973,Bar_Pub_Brewery,28.640767981987278,78.4470752439778
134972,Fast_Food,29.49965512449935,77.48027926681617
134972,Mexican,28.94646462342398,77.52113934407005
134971,Mexican,28.861245234321714,77.59876677116439
133049,Contemporary,29.014270908787427,76.69104038012647
133048,Burgers,29.34750345079684,77.40309536035308
133047,Asian,28.535779046859805,77.652338215373
133043,Hot_Dogs,28.784988828049187,77.4030818836708
133039,Mexican,28.683115980791023,77.49466781519074
133038,Hot_Dogs,29.374038823688185,77.75131206540001
133037,Cafe-Coffee_Shop,28.84255539610343,78.41413470321278
133036,Cafeteria,28.58732177448636,77.16216140521232
133035,Mexican,28.743959018042204,77.41038504779
133034,Southwestern,29.490361585292458,77.47612164105931
133033,American,28.663771192127694,77.65202397453182
133032,Mexican,28.98605373509732,77.21812458479977
133031,American,28.778346291952882,77.1666835421325
133030,Italian,28.805469373746856,78.39938805401667
133029,International,29.189531017676206,77.37787958693153
133028,Mexican,29.30586691045958,77.061490054126
133027,Hot_Dogs,28.713427672928702,77.02975662227061
133026,Dutch-Belgian,29.386480733041395,76.5155627768471
133020,Polish,29.302580253909248,78.3341158806417
133014,Mexican,28.733971363088592,78.31678123855426
133010,American,29.060602320351535,77.06172348848695
133009,Mexican,28.696445632542634,77.59258632723773
133008,Latin_American,29.132636892280896,76.55894455129595
133007,Family,28.812239902494543,78.28427516592161
133000,Deli-Sandwiches,29.14616871583012,78.16699921103069
132996,Bar,29.109585577681738,77.33592225433681
132995,Barbecue,28.893864415361424,76.77358025808664
132994,Mexican,29.28718830981069,77.45459272095115
132993,American,28.891346306789195,77.32603797206838
132992,International,28.739456924627206,76.53220985181731
132986,Polish,29.314692794101923,77.37660679657739
132985,Asian,28.916618780199865,77.75368756723942
132980,Mediterranean,29.324729295949545,76.91000648113497
132973,Dutch-Belgian,29.04504372680778,77.24684515591092
132972,Italian,28.716170424203124,77.40616022987642
132971,Greek,29.07422786217702,77.43688218210744
132970,Fast_Food,29.29810854027315,77.90837934632049
132969,Fast_Food,28.809278816971688,76.64889277168443
132968,Asian,28.585313562988755,77.62811955529929
132967,Mexican,29.329721333416124,77.57671102066641
132966,American,29.435786166359637,78.41820990188602
132965,Dutch-Belgian,28.650236085679,77.22614887234853
132964,Mexican,29.021591090940756,76.81693354422711
132963,Latin_American,28.742695911547212,76.77325005211644
132962,Japanese,29.3208051558435,77.06139570063635
132962,Juice,29.466922810525965,77.14917687951933
132961,Chinese,28.786883611988937,77.49139887800358
132960,Chinese,29.007358839022118,78.07733034058496
132959,Mexican,29.34885854034667,76.98853992422539
132958,Greek,29.351289604533022,77.39163942881417
132957,Pizzeria,29.07351591630819,77.10516986073183
132956,Family,28.965337845377015,78.16524865256217
132955,International,28.666242710864648,77.92893518433418
132954,Mexican,28.629451895585532,78.2892991992029
132953,Family,28.528968181461394,77.48019951027597
132951,Contemporary,29.308479215835813,78.22880012696375
132950,Dutch-Belgian,29.04606887465078,77.35398669400526
132948,American,29.468909389107477,77.70804672241607
132947,Greek,28.66590325261428,76.66418523792935
132946,Pizzeria,29.411418199110795,76.53499827660454
132945,Mexican,28.878391766964608,77.33391333056345
132943,Mexican,28.718953004843605,77.55339887213307
132942,Japanese,29.214579999506356,77.35640282307361
132941,Italian,28.816775433265914,76.67591257824778
132940,Italian,29.237912673524168,76.84623893817037
132939,Dutch-Belgian,29.06671653700838,77.73033595234917
132938,Cafe-Coffee_Shop,29.42235784313001,76.88550360104722
132937,Vegetarian,29.080436224237346,76.72544890545498
132936,Greek,29.10848268831509,77.11341898819904
132935,Latin_American,29.256247103254797,76.86648840346268
132934,Mexican,28.84831968534902,77.26182794283588
132933,Mexican,28.71324959908509,78.42988278327132
132932,Mexican,28.654977680895193,76.9524761813181
132930,Cafe-Coffee_Shop,29.415892035312318,78.37030985516054
132929,Italian,28.682893648312188,76.87250825486981
132928,Italian,28.74083172268448,77.45975724330545
132927,American,28.511287807065777,76.6140230879418
132926,Asian,29.170132511563313,78.23535928473784
132925,Mexican,28.68644794652166,77.62297056577565
132924,Chinese,29.125035425666244,78.3594696888508
132923,Italian,29.224783910701298,77.08040786045439
132922,Dutch-Belgian,28.802084273275867,76.76392585748593
132921,Fast_Food,29.305133738615858,77.16866960941424
132920,International,29.351719731847922,77.88906603045096
132919,Mediterranean,28.886193672884087,76.9964756040311
132918,Greek,28.57754435725046,77.40335170182733
132917,Mexican,28.990531316831213,76.98544354824041
132917,Cafeteria,28.706943650517566,76.8182547262234
132916,Dutch-Belgian,28.812095703551144,76.60161357075444
132915,Burgers,28.688452309335744,77.83225440775603
132914,Deli-Sandwiches,29.457795739486787,77.23662530558974
132913,Greek,29.241616594804402,77.19931500910693
132912,Mexican,28.912362406223277,77.18256699336514
132911,Mexican,29.04288564134191,77.46778309841237
132910,Cafeteria,29.408091676373477,76.83708874910111
132909,American,29.023864292983134,77.95130695642982
132908,Burgers,28.954640405153103,77.74691849217838
132907,Italian,28.863544539255365,78.16883890815777
132906,International,28.62356458835568,78.1077693873679
132904,Fast_Food,29.14034428220949,77.48879426722107
132903,Bar_Pub_Brewery,28.783756134429442,77.72336174563455
132902,Bar_Pub_Brewery,29.28988822179473,77.05713363317703
132901,Cafe-Coffee_Shop,28.79264542085819,76.56977893385817
132900,Burgers,29.223586932860183,77.86310929215497
132899,Mexican,29.22696267999591,76.91705631824072
132897,Dutch-Belgian,29.439788768530626,78.05373495237681
132896,Dutch-Belgian,29.360671065218874,77.16948878165468
132895,Cafeteria,29.327306116279807,77.83138588620983
132894,Bar,29.17678202040836,78.45261434580247
132893,Chinese,29.36098477942354,77.02647966596672
132892,Fast_Food,29.0467356537297,78.04359676521624
132891,Chinese,28.93919279048005,77.74958014686729
132890,Cafe-Coffee_Shop,29.079725933207037,78.35814792929173
132889,Sushi,29.42024178025775,77.47238448667267
132888,Cafeteria,29.44728848629232,78.36377640448237
132887,Dutch-Belgian,29.391046221162856,77.72411180226811
132886,Mexican,29.499050896490022,78.38233906631375
132885,Burgers,29.081681221331667,77.19675024780157
132875,Mexican,28.67707840572587,77.24033079683433
132873,Fast_Food,29.018696176031728,77.15786802095018
132872,Bar_Pub_Brewery,29.107901391266175,76.87747900696391
132871,Juice,28.69597612618466,77.89252704611437
132870,Seafood,28.88468735946779,77.29694852910688
132869,Bar,29.38149774115189,76.8199616802502
132868,Chinese,29.090988415213715,76.90218180682653
132867,Vegetarian,28.770643778683993,77.93698911837235
132867,French,28.753524983103233,77.21535572413163
132866,Mexican,29.01121522703443,77.28261119340026
132866,Cafeteria,29.158731679308545,77.29489985595984
132865,Mexican,28.75088966184812,77.129375318999
132864,Hot_Dogs,29.14701562895187,77.50925330335515
132863,Mexican,28.517853056144954,78.45775741817674
132862,Greek,28.976108778326605,76.79541100436208
132861,Pizzeria,28.666610390533485,77.57199437381144
132860,Mexican,29.00701085256382,77.14374480231626
132859,Seafood,29.29238333989895,77.18346492419703
132858,Bar,29.464360631028452,77.74326901454779
132857,Chinese,28.54784731145091,77.44441051672494
132856,Vietnamese,28.75041384867382,77.08809455069016
132855,Mexican,28.99196666971318,77.45657943753577
132854,Bar_Pub_Brewery,29.131296420974202,77.65905583911625
132853,Mexican,29.43444209466003,77.72502148120536
132852,Greek,28.51874724342345,78.15008802870676
132852,American,28.775322036137343,77.32448842001388
132851,Burgers,28.791504886488354,77.65337025185102
132851,Mexican,28.550253576506666,77.0424531181117
132846,Fast_Food,29.168743677225578,77.80041515781676
132845,Italian,29.361595923646465,77.06383752024016
132843,Game,28.571392587168532,78.34960063708732
132842,Mexican,29.018954991576166,78.254612932517
132841,Family,29.043582040550163,77.35322889871577
132840,Dutch-Belgian,29.108451894207718,77.91780931920968
132839,Cafe-Coffee_Shop,28.592878299280816,76.82824214491258
132838,Bakery,28.65434356983402,76.90658909363111
132837,Mexican,29.18180789568346,77.11977030807668
132836,Barbecue,28.821697566343413,77.99922748422387
132835,French,29.389535751094623,77.55284568195428
132834,Mexican,28.6601354654393,77.85744846927824
132833,Barbecue,28.63476815750022,77.15006185868697
132829,Mexican,29.326529135131754,77.02485653324426
132828,Southwestern,28.817123803168947,77.87516648770821
132827,Mexican,29.48216900222296,76.9199861908364
132825,Diner,29.30772984760835,78.18914069897433
132811,Mexican,29.07315694211597,78.00599588029004
132810,Mexican,28.867455459911817,78.23158636140938
132807,Sushi,28.797121677264432,77.15761905696655
132806,Polish,28.995145808975828,77.40207012465808
132805,American,28.570783425750985,78.285288918149
132804,Seafood,29.16712613370547,77.60496970999027
132803,Cafeteria,28.774183731258635,77.96583544676727
132802,Italian,29.396822450950317,77.46207342984377
132801,American,29.405242573552925,78.12044376920437
132799,French,28.884222387316512,77.93495866735859
132798,Ethiopian,29.193203686210072,78.00617677955427
132797,French,29.34131036465789,76.63566191530754
132796,Mexican,28.72142361121783,78.10254985472581
132795,Juice,29.412453218524977,76.5393922036402
132794,International,28.639444185890632,76.83107208335124
132793,Steaks,28.749108802627756,78.34437310332194
132792,Japanese,28.639840900740367,76.83808926370986
132791,Dessert-Ice_Cream,28.851028597735876,77.5184787138284
132790,International,29.406788606358344,77.78532858735338
132789,Fast_Food,28.708659604068956,78.01968087812936
132788,Mexican,28.96828404408379,78.28278713994371
132787,Japanese,29.004420261422606,77.9243308549027
132786,International,28.509428340003417,76.93731784130509
132785,Greek,28.818656535638546,77.81996144109338
132784,Chinese,28.70157307824581,78.0425440470472
132783,Dutch-Belgian,28.691084028185575,78.30914941473121
132782,Mexican,29.20682207442004,76.50893035189011
132781,Game,28.67946314157955,76.89399315063135
132779,Mediterranean,28.78575053063855,76.58536591509392
132778,Deli-Sandwiches,29.391863060536977,77.48371861888404
132777,International,29.082021111969052,78.37021680187027
132776,Italian,29.359121663924803,77.60484906019725
132775,International,28.70458430232686,77.78937994485429
132774,Mexican,29.07640452779625,77.45839853832953
132774,Bakery,28.600072144950026,77.98895190064617
132774,Mexican,29.203315688596003,77.45042290258381
132774,Greek,28.973064226029404,77.68253965722529
132774,American,29.217717470751232,77.13840484679675
132774,Mexican,29.10358771402657,76.95941845619971
132774,Mexican,28.92890650614621,78.49762509098973
132774,Mexican,29.212148128377226,77.18548506984587
132774,Bar,29.43233855627434,78.1801771915992
132773,International,29.44457083579988,78.08883161195237
132773,Bar_Pub_Brewery,29.30969819152464,76.74510334250002
132772,Mexican,28.5425380762044,77.75394851380709
132771,Mexican,28.777279067541873,76.98259289667205
132770,Pizzeria,28.825578563644633,76.89709484168867
132769,Dutch-Belgian,29.40511687525947,77.30214058560107
132768,International,29.413269487502777,77.60781122429007
132767,Dutch-Belgian,28.617603258233764,78.32231005730854
132766,Dutch-Belgian,29.028631899845326,76.79577844413369
132765,Mexican,29.393865970913353,77.25427257944445
132764,Greek,28.790611109348326,77.67309795789848
132763,Mexican,28.91964365306803,77.35501623731807
132761,Italian,28.546945361125957,76.50677315371883
132760,Pizzeria,28.884197664514385,77.54853571774602
132758,Mexican,29.49998605239651,77.50610434149912
132757,French,29.260713011359496,76.76067006613654
132756,Mexican,28.903017183238283,78.40865592635471
132755,African,28.817159311531903,76.73023515210492
132754,Seafood,29.374035043836056,76.71636650026804
132753,Mexican,28.534107170105692,77.64650632361236
132752,Juice,29.02075914710044,76.52607089548917
132751,Family,29.479460736779878,77.2559812233764
132750,Fast_Food,28.767421596946914,76.93397726179201
132749,Diner,28.528486919921605,77.17064356568554
132748,Mexican,29.17123054669102,77.46842114228168
132747,Mexican,28.822462223209143,78.28417617325964
132746,Latin_American,28.645082049537862,77.9325174527306
132745,Bar,28.917264292326063,76.81793187930543
132744,American,28.855941234943156,77.40677266042852
132743,Japanese,29.450432197910242,76.78193833338571
132742,French,28.65529357021985,76.69200302512267
132741,German,28.5144817781321,76.75040099808787
132740,Cafe-Coffee_Shop,29.405933973853426,76.69121371833864
132739,International,29.350318762377697,77.03009130544686
132738,Greek,29.37183649366654,77.49589659147986
132737,Mexican,28.911818009827382,76.69766851398316
132736,Dutch-Belgian,29.44675274922924,77.82183362261475
132735,Mexican,29.06466877323685,76.5369459332432
132734,Pizzeria,29.406994663021123,76.75123054308497
132733,Southwestern,28.689263255074184,77.73748961557648
132732,Bar,29.2579160444453,76.83860153804697
132725,Mexican,29.365195839859656,76.61674328477946
132724,Italian,29.089706275303637,77.06226439635023
132723,Pizzeria,29.103955248424565,77.19783164338224
132719,International,28.95641535684673,77.46862310489182
132718,Mexican,29.04180126629832,77.9080870716075
132717,Mexican,28.782530171914345,78.37247794275744
132715,Diner,28.573974059332205,78.14923035982487
132714,Chinese,29.42475057880942,77.46129982871284
132713,Japanese,28.860197941414796,77.54997572201947
132712,Mexican,29.228648773041556,77.27997846770336
132711,Burgers,28.54131698572173,78.25107424110045
132710,Bar,28.53421413414635,76.8137743623328
132709,Mexican,28.798978975640992,78.44639325686882
132708,Armenian,29.172350593872466,76.90022467098929
132707,Italian,29.091021817468338,77.8293411716484
132706,Mexican,28.724040626700962,76.78263121405334
132705,French,28.73462232763272,77.18522788424521
132704,Mexican,29.16237347464311,76.66522646208621
132703,Dutch-Belgian,29.477825443563017,77.92942886390517
132702,French,29.456714643633955,76.64464874553657
132701,International,28.654207753423854,77.90435867567383
132700,Mexican,28.961493043431226,78.34526464533846
132699,Cafeteria,28.8459991268588,76.601533189086
132698,Dutch-Belgian,28.964875415503375,78.27279756294172
132697,Dutch-Belgian,29.235495348070373,77.93543537166667
132696,International,29.460101550204428,77.57483476910714
132695,Latin_American,29.246409379170448,77.49689688093333
132694,Mexican,29.166550208889287,78.1790887607664
132693,Dutch-Belgian,29.471778659978785,78.4288716234931
132692,Pizzeria,28.909160011790323,76.57967456216223
132691,German,29.286112230743477,77.2421151897834
132690,Steaks,29.168856739941276,77.846019750271
132689,Cafeteria,28.646740158752852,77.35626087013506
132688,Mexican,28.50549844488473,77.50184130293864
132687,Mexican,28.502858482546014,77.69063886765312
132686,Seafood,29.286532824583023,78.47028090244285
132685,Mexican,29.151987198649657,77.19142642612368
132684,International,28.524359499296313,78.31875999481133
132683,Chinese,28.97036860558958,77.15657592641087
132682,Mexican,29.21807714598138,76.61254817372604
132681,Japanese,28.565132563946168,76.55110219682174
132680,Cafeteria,29.123560144454096,78.49774563415247
132679,Cafe-Coffee_Shop,28.943889238150003,77.25209659134214
132678,Asian,28.855028478496433,76.9380338709947
132677,Juice,28.67990656535083,78.00716111950132
132676,Mexican,28.783788292440306,76.63235607797942
132675,Mexican,29.44397379044579,77.79934650308732
132674,American,29.3417628864634,76.65142914120058
132673,American,28.993211441236216,77.88529026860341
132672,Mexican,29.16127792776897,77.96743604217905
132671,German,29.183344738862015,77.92878841287747
132670,Bar,29.336912350277384,77.07690125581429
132669,Hot_Dogs,29.06542819815892,77.88381700557578
132668,Mexican,28.510211652744395,77.08441295367312
132667,Polish,29.008632351334576,77.50842868174593
132666,German,28.881880429863045,78.36687067609734
132665,International,29.24833133597461,77.26816539832546
132664,Armenian,29.345460912117467,77.25796592513082
132663,Mexican,29.40876305680976,77.74822192360168
132662,Mexican,28.932151819327256,77.74856978997833
132658,Contemporary,28.78188102146432,76.53736193250633
132657,Cafeteria,28.904421369678154,77.37163623311346
132655,German,29.178005674309436,77.40158803650701
132653,Mexican,28.83143895699274,76.6107908179812
132652,Mexican,28.841613099043354,77.17111141746813
132650,Greek,29.268774783300955,76.89381536524667
132649,Cafeteria,28.84530255057341,77.45958250880386
132648,American,28.96199299918708,76.85355757641976
132646,Mexican,29.125829178149107,77.52136159957603
132645,Latin_American,28.766207932108255,76.90350945069115
132643,Italian,29.178815934147917,78.45781030695616
132642,French,28.82876751574681,77.23250213395556
132640,Seafood,29.095040581780243,76.57196471524695
132638,Japanese,29.0104283397311,77.02643931672507
132637,Mexican,29.451029987817755,76.84161377883954
132636,Barbecue,29.013641496079956,78.14096951939203
132635,German,29.324959795628896,78.19326696862625
132634,Greek,29.111958476524215,76.88470265850371
132632,Dutch-Belgian,28.920409786576723,78.30070822850321
132631,Mexican,28.898483075047572,77.8379170397377
132630,Family,29.13984961749377,78.07841232948728
132629,Bar,28.871630698107744,76.96090046464536
132628,Mexican,28.53215808474298,77.81722478752866
132626,Italian,29.38695511375746,77.6432522321311
132625,Italian,29.19951809933834,78.43898931239883
132624,Dutch-Belgian,29.09299530229671,77.55158446305524
132623,American,28.865329246589617,77.76327570339468
132622,California,29.49400590892578,77.89087907818667
132621,Dutch-Belgian,29.358094458969852,77.03544743170127
132620,Greek,28.75817750935602,76.98898546928764
132619,Dutch-Belgian,28.898949201026266,77.38363848799692
132618,Mexican,28.988911549399525,78.45647687457942
132617,Italian,29.478711342552174,77.05050135382373
132615,Mexican,28.786618041603305,76.83014110078418
132614,Italian,29.07023955240721,78.00805876451061
132613,Bar_Pub_Brewery,29.007910509789596,78.45893652373223
132612,Hot_Dogs,29.07139549796823,78.1863545454151
132611,African,28.916630616560777,78.3591636786398
132610,Mexican,29.16821563358278,76.90862722439915
132609,Diner,29.189774817000806,76.77734252982093
132608,Continental-European,29.208256823609116,78.12714151192058
132607,Mexican,29.426146516196848,78.46631330488907
132606,Mexican,29.00700930482437,77.99881328366978
132605,Dutch-Belgian,29.42029999138296,78.15199840569477
132604,Bar_Pub_Brewery,28.522067514074458,76.7138403799945
132603,Mexican,29.48659819565947,76.93665236742467
132602,American,29.10053432522407,77.46715259207778
132601,Italian,28.525395742125347,78.05068776547816
132600,Mexican,28.68593036924823,78.48005559260368
132599,American,28.859119981761598,78.4784288279422
132598,Mexican,28.77826105039373,77.67186895299089
132596,Burgers,28.86892746193261,78.40327078618125
132595,Dutch-Belgian,29.428708927049158,76.84444881975233
132594,Game,29.286542602818948,78.30108783463496
132593,Mediterranean,29.043567703980653,76.76429000860477
132592,Mexican,28.939564502587437,77.73137573328262
132591,Chinese,28.651894532067107,77.4220098009604
132590,Mexican,29.042252610194154,78.37969976039732
132589,Mexican,28.96652286234595,77.86067137952908
132588,Vegetarian,28.71019777984602,77.34746193935484
132587,Juice,29.360208619889857,76.98408724584993
132584,Mexican,29.152316923905456,78.49190111249976
132583,Seafood,29.012604436632735,78.28351549155781
132582,American,29.13899473860482,77.7092114587255
132581,Mexican,28.53456613788143,76.62073386546042
132580,Bar_Pub_Brewery,28.71073515033418,77.08847591752514
132579,Dutch-Belgian,29.284950847060962,77.23831252343032
132578,Greek,29.246675227894897,77.20812622692664
132577,Deli-Sandwiches,28.983262379797956,77.32690144737259
132576,Dutch-Belgian,29.318007817162293,77.62244861471034
132575,Dutch-Belgian,29.004002944796728,77.65448067710194
132574,Cafe-Coffee_Shop,28.595642516677888,78.12872771167457
132573,International,29.26178534325074,77.6329118371039
132572,Cafeteria,29.18439999474851,77.59306032544615
132560,Family,29.212927797856228,78.49511075292217
132557,Mexican,28.500900901222472,77.30577681449947
132555,Mexican,29.09069446357183,76.60288764924687
132555,Mexican,29.114335688118015,77.57323524414649
132555,Bar,29.244134987487108,77.90789252213335
132551,Latin_American,29.225329285591528,76.85300446389488
132550,Pizzeria,29.24426612188476,78.43831777698527
132549,Bar,29.204528734793872,76.78769348458235
132548,Seafood,29.0860111382018,77.31383532935916
132547,Burgers,29.40770536453566,78.2811350629536
132546,Bar_Pub_Brewery,29.453781763227013,78.44966786673862
132545,German,29.169424565181266,76.71733420487905
132544,Mexican,28.668282657145507,77.80578269584387
132543,Mexican,29.277048008741538,77.26159076755562
132542,Burgers,28.557800566185527,77.41843549857761
132541,Mexican,28.850684282692512,77.58626621526244
132540,International,29.005438335265122,78.28216379247243
132539,Mexican,29.345595031951465,76.52548531531097
132538,Chinese,28.995349665810583,77.16316482175347
132537,Fast_Food,29.153533277900188,77.27445975375629
132536,French,28.76916342523841,76.75198632681352
132535,Dutch-Belgian,28.789303028654647,77.2910151244131
132533,Mexican,28.75552543383792,78.3212874268984
132532,Mexican,28.933569343724116,78.02253285204367
132531,Mexican,29.168314867158102,78.3682114014965
132531,Pizzeria,28.795674166295647,76.62849775035411
132530,Japanese,29.380590181026143,77.195474015506
132530,Deli-Sandwiches,29.418058682937893,77.7456789235019
132529,Japanese,28.85953300230325,77.77720688450086
132528,Mongolian,28.660505431729014,77.89309267666773
132527,Mexican,28.636332424311178,78.48999092512194
132527,Contemporary,29.431292520116045,77.33348304006013
132526,Chinese,29.306963839625826,77.83824173008696
132525,Mexican,29.188234564514573,77.53857567368992
132524,Mexican,29.06476758107962,76.52515533612919
132523,American,28.832942567085432,77.9756381807313
132522,Burgers,28.83399414472348,77.43234935742461
132521,Chinese,29.419907378397113,76.86172164496938
132521,Polish,29.45972550625071,77.53215588663302
132519,Sushi,29.005330628827547,78.13409514697616
132518,Mexican,29.009759988931773,78.3378466128929
132517,Mexican,29.19598423070456,77.85226837322328
132514,International,29.206172762364474,77.58846155179323
132513,Latin_American,29.16755734825543,76.92185315000381
132511,Dutch-Belgian,29.469279607489252,78.0114371021637
132509,Dutch-Belgian,29.09308975642467,77.98905972254357
132493,Seafood,28.91369679721631,76.76222425572426
132493,Contemporary,28.999102880881356,76.72727414204425
132493,Dutch-Belgian,28.929493555630547,77.2206799298676
132491,Korean,28.83653496256261,78.13427426603535
132491,Mexican,29.105251769456768,77.24991860640738
132488,Mexican,28.80340090405541,77.60707381642683
132487,Mexican,28.880317312439782,76.95721483695046
132485,Mexican,28.594387945899193,77.08177127832447
132484,Seafood,29.01501019903546,77.75981103399118
132483,Barbecue,28.636544002676462,76.7673155688824
132483,Cafeteria,29.48199109475569,77.86359245939799
132483,Mexican,28.98581924007981,76.8279640666454
132482,Dutch-Belgian,29.202567580152216,78.1157773448304
132481,Mexican,29.35834326765097,76.58037381212252
132479,Vegetarian,29.01867945521063,78.426498792542
132478,Mediterranean,28.59096970332013,76.76723879697057
132477,Italian,29.427198192677043,77.18591387845431
132474,International,28.50307480908578,78.3534630689858
132474,American,28.71075732729128,76.51841315433585
132470,Mexican,29.065896418840186,77.32159327266741
132469,International,29.013985344509393,78.34172160056153
132468,Chinese,28.68354550147918,78.41623055539266
132464,Italian,29.47790449706944,76.62439138499084
132459,French,29.229648466470433,76.79217836303663
132458,Japanese,28.630751097745375,76.65359929386678
132457,International,28.757540166336714,76.62643565070945
132456,International,29.09424289524936,76.92151271021606
132455,Mexican,28.76462117355013,78.0008796807741
132454,American,28.614515427221317,77.75913259010055
132453,Dutch-Belgian,29.481946185737772,78.05310459336764
132452,Burgers,28.577941862533216,76.64509034908599
132451,Bar_Pub_Brewery,28.927996296069033,77.13560925257339
132450,Mexican,28.899850937207173,78.27228938867049
132449,Mexican,29.470770461725003,77.85295825233743
132449,Bar_Pub_Brewery,28.56022529254595,77.00307579871671
132448,German,29.1796984941049,76.53718466463036
132447,Italian,28.55470335409233,78.0140273004586
132446,Greek,29.36113070192048,78.21665869983896
132445,International,29.352158498299016,78.32545268790602
132444,International,29.225716697975344,77.8363568907227
132443,Fast_Food,28.684692709291895,77.52862068192823
132443,French,28.868419566859913,77.10883437153517
132442,Mexican,28.708999569738268,78.16258425511755
132442,Mexican,28.500292885402267,77.42793599655337
132441,Bar,28.559138866327768,77.18284178725358
132440,Italian,28.79801720860265,76.67024669582491
132439,Dutch-Belgian,28.797556413409538,76.72982672131538
132439,Diner,29.247180989224418,78.1944229124164
132438,Cafe-Coffee_Shop,28.833253872121944,77.09426171103718
132437,Mexican,29.357871045128363,77.4384127294485
132436,Mexican,28.89224663293996,77.73317230427241
132435,Mexican,29.107431729851097,78.44636681837832
132434,Pizzeria,28.51488511795521,78.05675685455185
132433,Dutch-Belgian,28.988283626730677,78.44556013268391
132432,Burgers,28.580096097469134,78.45737003859962
132430,American,29.479110957697223,78.29612154278165
132429,Latin_American,29.391002259543367,77.71751696267579
132425,Asian,28.941386259943247,77.33792303662304
132421,Vietnamese,28.6536384233615,77.73616566361437
132419,Cafe-Coffee_Shop,29.04329786811319,77.8783988785529
132419,Dutch-Belgian,28.761193889419253,78.22164335475082
132417,Mexican,29.420055581021614,78.3372046010219
132417,Pizzeria,28.565919677075506,78.478571783706
132414,Fast_Food,28.951277373137557,78.252652102796
132413,Bar_Pub_Brewery,29.07789728127384,77.1985674601139
132413,Armenian,28.940013420578367,77.5557728740853
132410,Bar,29.05937859010807,77.12878978862183
132409,Bar_Pub_Brewery,29.16786277098612,78.47366669759222
132408,Pizzeria,29.343458903903596,76.63104515935414
132407,Seafood,29.299808733669565,77.23565901890443
132406,Mexican,29.26146763070323,77.71876915082518
132402,Deli-Sandwiches,29.02185510929412,78.49181827900266
132399,Mexican,28.937510479916554,77.04297784927547
132398,Greek,28.79987512726034,77.20386922792693
132396,Chinese,29.131223008582932,76.99868068488306
132393,Mexican,29.255797501431058,77.87333823948903
132392,Dutch-Belgian,28.602311908472327,77.63005188927856
132392,Mexican,28.732605543182682,76.68783205729648
132389,Dutch-Belgian,28.699758433273175,76.70266757196693
132387,Mexican,28.84310680231601,78.09372460151641
132386,Bar_Pub_Brewery,29.164483104021535,77.8382944934142
132384,International,29.418245873611887,77.77134424376746
132381,Mexican,28.507220733348102,77.37783597055942
132380,Mexican,29.264247478029425,78.10659557744965
132377,Italian,29.021682585873062,77.22574267769228
132372,Seafood,28.711178763268887,76.60030033193055
132367,Japanese,28.7859239932378,77.98105880124056
132366,Fast_Food,29.172565605929957,76.56662978781888
132365,Cafeteria,29.217158937978212,77.29232346105313
132364,Mexican,29.423037421601236,76.67857179258475
132363,Bar,29.48435798567085,77.95123419254986
132362,Mexican,29.265864807497266,76.9399985750893
132361,Dutch-Belgian,29.052279949532487,76.67327086405457
132360,Mexican,29.2672383172283,77.9209201288685
132359,Mexican,28.90535706055222,77.45415644280938
132358,Dutch-Belgian,28.698647861477056,77.6397558678936
132357,Mexican,29.456545267612533,78.03316042787063
132356,Mexican,29.175810096069046,78.3286534041945
132355,Game,28.87014639917754,78.23930826230533
132354,International,29.349531193603067,78.19082333072556
132353,Japanese,29.04636905110255,77.15290392215842
132352,Japanese,28.6705497946471,77.5099534734456
132351,Chinese,28.636853478954826,77.68739185743958
132350,American,28.72041940001308,77.90905426132127
132349,Mexican,28.906061194244565,77.1628155961025
132348,French,28.89793686904069,76.90128830059363
132347,International,28.725929126533007,77.03334789196715
132346,Mexican,28.62177284747221,77.65694324512924
132345,Mexican,29.28161272811842,77.19627698715854
132344,Italian,29.387916953781385,76.91913817757907
132343,Chinese,29.319351757320113,77.302387602332
132342,Mexican,28.60898689383359,77.07666603857199
132341,Contemporary,29.082617398984052,78.40990544780641
132341,International,29.3561017521565,77.55826186189474
132339,Mexican,28.700450653063672,77.62201432224757
132337,Italian,29.247131128261632,76.87726245358941
132336,Mediterranean,29.4047583104938,77.19568491547786
132335,Bar_Pub_Brewery,29.3187682717134,77.35068576991732
132333,American,29.04552866137171,77.39635635177262
132333,Bar,29.36488081682723,77.1741128498072
132332,Dutch-Belgian,28.82883056611671,78.06720626423058
132331,Mexican,29.309847086959365,76.9649375795675
132330,Vietnamese,28.666597033988126,78.30799501339986
132329,Mexican,29.282825422376636,77.48544708115712
132329,Eastern_European,28.69769472004526,77.11286961266168
132328,French,28.694721242473626,77.92620200632783
132328,Mexican,29.026558038096145,76.82851022690869
132326,Dutch-Belgian,28.71299523408526,76.60305269603909
132324,Mexican,28.69703041141705,78.13469152137256
132321,Bar_Pub_Brewery,28.898529049916483,77.92477249500874
132319,Fast_Food,29.19457186419082,78.44109379395589
132319,Bar_Pub_Brewery,29.262146970231004,77.64219758031267
132318,Cafeteria,29.101724927907497,76.53903415447448
132318,Mexican,28.990351749551806,78.43062358846636
132317,Mexican,28.651006661206235,77.051297732342
132317,Burgers,29.065806987277707,77.6377849827405
132316,Breakfast-Brunch,28.54436678346549,78.12147894794101
132315,Deli-Sandwiches,29.40458933534802,77.82344732326973
132312,Italian,29.330745515920402,78.02339191671915
132312,Cafeteria,28.780180733817637,78.45509005266106
132310,Bar_Pub_Brewery,28.779247573035857,78.22065623749984
132306,Mexican,28.695487828463772,78.06803059900247
132302,International,28.58764987294068,78.02619172895292
132302,Dutch-Belgian,29.362813303165222,77.76730010426792
132300,American,29.33847631556095,77.98667362057229
132299,Dutch-Belgian,29.003909861311467,77.2840254476793
132298,Sushi,28.57531679155465,77.9172768804191
132297,Cafeteria,29.293783265688866,78.30594945500474
132296,Bakery,29.443112317389946,76.73615511783711
132296,Chinese,28.9329134713722,77.58098881429983
132296,International,29.391446256605516,77.60595011567234
132295,Bar,28.710528887298583,77.32082110674767
132294,Mexican,28.819523486885668,78.43801941861143
132292,Mexican,28.92171356718333,78.39049175382571
132289,Mexican,29.45949220200503,78.33226229406387
132289,Pizzeria,29.474387392794235,78.44871755531949
132284,Greek,28.757166078739665,76.76208427241161
132284,Dutch-Belgian,28.728951166119025,78.20850907338149
132283,Mexican,28.783365012452535,77.31637835558452
132281,Mexican,29.307923057170644,78.12081952218414
132280,Asian,29.264653317732307,77.9646363139009
132275,Persian,28.78242239006031,77.30522512487767
132274,American,29.01236477476567,76.72854102384206
132273,American,28.91868582634348,77.87343682743739
132273,Greek,29.384622948851533,77.00062786607089
132272,Family,29.154191930197673,77.70600122066561
132271,Mexican,29.318880882019112,76.87235728418639
132270,Bar,29.319576798839726,77.60181917422824
132269,Cafeteria,28.72630101974941,77.60866098515169
132268,Pizzeria,29.306217247991974,76.62202766200298
132266,Cafeteria,29.41872270670571,78.28244607604074
132265,Japanese,28.516581692963662,76.60591580554453
132262,French,29.138290536705938,78.24282681355093
132258,Dessert-Ice_Cream,29.29549855159998,76.73197690606439
132258,Deli-Sandwiches,29.035864992644548,77.05049741132808
132258,Italian,29.361230579529252,78.3584788639678
132257,Hot_Dogs,28.899765157037617,78.03723392070538
132255,Mexican,28.669060568450515,78.2863960119578
132255,German,29.158949617237077,76.99480724281435
132253,International,28.773180786241873,78.31951045913867
132253,International,28.65595571449007,76.60960716977227
132253,Greek,29.335955426983848,78.06277593664758
132250,Mexican,29.289587000372567,77.68863547396025
132249,Mediterranean,28.597678206693622,77.08266596720232
132247,Afghan,28.879523614219362,77.87557315163247
132246,American,28.547658701354557,78.0577821309345
132246,Mexican,29.29143772078292,76.77587747706559
132245,Mexican,28.961731099408098,78.38909544544609
132244,Mexican,28.605153288068042,76.76821935208703
132244,Eastern_European,29.402053973049913,76.50858236699476
132244,Bar,29.490610276165217,76.51592021148402
132243,Greek,28.94514050417114,77.6751836071942
132243,French,29.363241343819674,77.86016593347
132242,Mexican,28.764152321551958,77.9204474791447
132240,Mexican,29.477840264129235,78.44197031315996
132240,International,28.542042553017225,77.29457380367964
132239,Bar,29.189277516996057,77.10113070261717
132238,Chinese,28.992025384438627,78.24969774473368
132238,Mexican,29.34889795502012,76.96390060145451
132237,Greek,29.38956897103037,76.60358550183074
132237,Mexican,28.59002743632971,77.88041100720758
132237,Family,29.29332184501247,77.4531165913147
132235,Chinese,28.61968839167153,76.58627320304963
132235,American,29.049461002572045,76.97931516295766
132234,Greek,29.39246505198373,78.38227654004773
132233,International,29.39910018764632,76.54615646545363
132232,Greek,29.137619520116974,76.79723572918445
132231,French,29.28701285999563,77.5336200014854
132230,Japanese,29.15428277563154,78.0674258949699
132229,Mexican,29.424445447078565,77.19638621060945
132228,Cafeteria,28.806580140698248,76.87993595630158
132228,French,28.948076195646863,77.0728342012938
132226,Mexican,29.01740255873748,77.14068074455322
132226,Japanese,28.521537500499,77.5923757299309
132225,Pizzeria,29.496918624179433,77.5306125791051
132223,Mexican,29.080648515457696,77.41268811588584
132223,Family,29.309379991613877,77.10562235383271
132223,Mexican,28.864410940557107,76.93649030475993
132221,Chinese,29.02348486817354,77.83667872058041
132220,Bar,29.383050639164033,77.64090781768189
132218,Deli-Sandwiches,29.300548177044256,76.68630028415967
132217,Mexican,28.897107469467752,77.12333922670373
132217,Mexican,29.080442693474467,77.9945320531281
132216,Mexican,29.140465708273233,77.4924881084401
132216,Family,28.559629223272427,77.79555856002392
132215,Mediterranean,29.348843078721263,78.11296012613401
132214,Latin_American,28.847776952806672,77.18608352762256
132214,Cafe-Coffee_Shop,29.194344647073265,76.71218963424114
132213,Pizzeria,29.298647523691884,77.73683053693262
132212,International,28.557295440925653,77.05313393973512
132211,Family,29.005018464257716,77.00495724239501
132210,Mexican,28.920783575944576,77.49085759940154
132209,German,29.180788516285624,77.49372391831669
132208,International,28.80823981581441,76.53809253447413
132207,Hot_Dogs,28.585774673641005,76.80659463478521
132207,Italian,29.19769436469991,76.7043000592737
132206,Italian,29.176691114454645,77.61010766554934
132204,Bar,28.916819722061767,76.84767093889927
132203,Burgers,28.82406461982941,77.50370707603749
132201,Polish,29.110167472331366,77.45936481562511
132192,African,28.566491041465966,77.06335576120627
132191,Mediterranean,29.278724090779875,77.5425255544447
132187,Cafeteria,28.753881062214397,77.78544201063247
132187,Mexican,29.030470201058044,77.47094401919377
132186,Bar_Pub_Brewery,29.055388182699307,76.96003239790024
132186,French,29.397697620463738,77.44481720265382
132184,Chinese,29.489569698053078,77.27481627961933
132184,Mexican,29.1001209865112,78.33328523945325
132182,Mexican,28.666880206755007,77.6630839346626
132182,Fast_Food,29.3589356115604,76.66089064792268
132180,Dutch-Belgian,28.708529930665556,76.61311078998234
132177,Organic-Healthy,29.113202746763026,76.95264842251251
132177,Bar,28.67573231577832,77.33064922109504
132177,Italian,28.81133471511392,77.43861713166184
132175,Hot_Dogs,29.403117452607738,78.18255086186585
132174,Mexican,28.533536149668457,78.34412460434893
132171,Deli-Sandwiches,29.348695534773356,76.73708470888965
132171,Mexican,29.45747323398007,78.31404381429216
132167,French,29.02030716149612,76.66189878002729
132166,Mexican,29.435145273404398,77.5182507533818
132166,Greek,29.1040337203707,78.26294219845693
132166,Pizzeria,29.40398436994009,76.87376900058916
132165,Mexican,28.803544907470982,76.67404703448929
132164,Mexican,28.796145730430844,78.39835371495683
132163,Mexican,28.508284093444388,77.7997197321951
132162,Greek,29.196034892216677,77.43705806871061
132161,Bar,29.393533984537576,78.01496439213098
132161,Eastern_European,29.09612388587608,77.81636780512213
132160,International,28.760176990901535,77.88911058589356
132159,Cafeteria,28.724632424949792,78.23335987514787
132157,Dutch-Belgian,28.56221518299224,77.28283742690753
132156,Mexican,28.51880373540631,77.49693448568851
132155,Chinese,29.48399121573595,76.99824802125609
132155,Chinese,28.93168914293115,76.79494507836489
132147,Family,28.948202144714077,77.41406530124956
132147,International,28.809921404116448,77.22276696985014
132146,Cafe-Coffee_Shop,29.09300737151502,76.86595884272555
132145,Diner,28.605649263085148,76.60614634912757
132138,Cafe-Coffee_Shop,28.94057796826492,76.97668798248395
132137,Vegetarian,29.22465663892678,77.24892685487363
132137,Seafood,28.77446654361868,77.54790093510846
132136,French,29.26023631451769,77.34211994040258
132133,Bar_Pub_Brewery,28.508382048344895,76.80826755976119
132132,Mexican,29.31368093929195,77.66876937339053
132131,Deli-Sandwiches,28.665819958066113,78.24666578563094
132130,Japanese,28.586039501708434,78.19421254248716
132128,Japanese,28.571254980318734,77.8681700451204
132128,American,29.479228249513213,76.96718693792144
132127,Bar_Pub_Brewery,29.06505167274614,78.1811775812519
132126,Mexican,29.099796158878284,77.25690261412952
132126,Mexican,28.902188467779776,77.93222493007262
132125,Mexican,28.686425250368398,77.28702905594864
132125,International,29.24398367770479,77.08128387939281
132121,Cafeteria,28.761224382789546,76.90439493220715
132120,Dutch-Belgian,28.678472666492382,77.83315481242714
132119,Mexican,28.787957756363166,77.33943993759155
132118,Latin_American,28.81811244565815,78.08586902455713
132116,Cafeteria,28.512983941206386,77.07879415565638
132115,Mexican,28.64421114365401,76.99816326210681
132114,Pizzeria,28.786530770804053,77.66820760815821
132109,American,28.590877470438976,76.65704200690747
132109,Sushi,29.154541560440816,76.95043131673636
132108,Juice,29.263353778050266,77.34674463439784
132108,Mexican,28.993570285275176,77.34607604931513
132108,American,29.20657929533429,77.15799641614002
132107,Japanese,28.772663471265744,76.96368792474578
132106,Pizzeria,29.113796562735374,76.73532799191506
132105,American,28.903935928552293,76.51948990771078
132103,Asian,29.221459349142574,78.34941823380409
132102,Deli-Sandwiches,29.170793594917708,76.5835239070891
132101,Cafe-Coffee_Shop,28.716807865929642,77.19227625919997
132101,Vegetarian,28.78979204078149,78.17922640424041
132100,Mexican,28.69340883802787,77.3603199914664
132100,Game,29.124544878184683,76.80725981042896
132098,Dutch-Belgian,28.75532490604463,77.51090750093132
132097,Italian,29.34901647382034,78.27108696989536
132096,International,29.085340581270525,77.19560130799958
132094,International,29.214434835383493,76.6567200245657
132092,Vegetarian,29.219950965877022,76.8009635532861
132087,Fast_Food,29.248860715538566,76.59278996960629
132083,Mexican,29.20685522587755,77.77493475172818
132031,Bar,29.477114988574215,77.49588292130915
132031,Thai,29.40348417753567,77.55273704500283
132031,Korean,28.87557687158319,78.08303564507591
132030,Fast_Food,29.387244874042093,77.01358894287307
132030,Dutch-Belgian,28.500992888951078,78.05165034636924
132028,Cafe-Coffee_Shop,28.73213070168631,78.4985848969631
132028,French,29.257627380912794,76.6588011322749
132026,Cafeteria,28.979299978365557,77.3404523694011
132025,Chinese,29.304020382946415,76.80621295966165
132024,Spanish,28.74141401450563,76.8971067140329
132024,Bar,28.77172171766026,77.05376600978069
132023,Mexican,29.42842444329633,78.31384659559242
132023,Mexican,28.894435566313383,77.34909753709059
132022,Bar_Pub_Brewery,28.734937695313878,76.55531505890966
132021,American,28.970058971075954,76.68083147527476
132020,Dutch-Belgian,28.762171122132855,78.19674874477589
132019,Mexican,29.167544716942984,78.05635464014233
132018,Mexican,29.186440402812003,77.26436395833824
132017,Contemporary,29.277375636294753,77.41883106142467
132016,Latin_American,29.152369649530225,78.38549673436027
132015,Mexican,29.409735855111965,76.79599395298072
132014,Italian,29.49976618485915,77.93475558358969
132013,Bar,28.644193856139214,78.44477441487483
132012,Mexican,29.236340286604115,78.30630055824872
132012,Polish,28.688232859085083,77.01433539971839
132010,Dutch-Belgian,28.807513747611555,78.1408872941535
132010,Mexican,28.683886845485553,77.57432256160597
132009,Dutch-Belgian,29.012465212807662,76.80068792462045
132008,Bar,28.5009575769326,77.0617470955287
132007,Dutch-Belgian,28.54355583087357,77.63046691380504
132006,Mexican,29.247366014608353,77.55585535510222
132005,Seafood,28.563913464047335,77.78524125677494
132005,Italian,29.076096977607254,76.73552656788968
132004,Vegetarian,28.651061118161728,77.80450211929711
132003,Cafeteria,28.88889244070658,78.34804672093338
132002,French,29.47694865081238,76.59750140327709
132001,International,28.96722954936915,77.04856025766593
134999,Fast_Food,29.445289616698922,77.32662742643554
132825,International,28.853057340538246,77.81810733809368
135106,Mexican,29.39810496144308,78.40201642592878
132667,Sushi,28.69046070616634,76.63761569096529
132613,Dutch-Belgian,29.136685900131216,78.48855058552384
135040,Cafe-Coffee_Shop,28.52068991622569,76.69020921693159
132732,American,28.79629164852437,76.86080878746093
132875,Southern,29.463810141164473,77.09354551944948
132609,Greek,28.705046291437903,77.42646594732415
135082,Mexican,29.314551734187347,77.10716977559959
135070,Cafeteria,28.896778398871398,76.89235586422893
135069,Chinese,28.692594708542867,78.47218103790213
135065,International,29.241082038872836,77.41849466331716
135076,Continental-European,29.460755284623765,78.42544995876288
135086,American,29.111528314788504,78.39477832779635
132870,Bar,29.309877490316723,78.07921585589064
132854,Mexican,28.60011461750648,76.91673282125068
132937,International,28.984437006895437,76.80510821410596
132856,Mexican,28.78992613138161,76.85383711374784
132668,American,29.212248300057503,78.32928492563126
135033,Dutch-Belgian,29.054236435161737,78.43319199237341
132862,American,29.034510836935993,78.25258732101736
134983,American,28.778422010161187,77.21145334458582
132851,Mexican,29.157103288400588,76.79576367689346
135013,Mexican,29.39703385147831,76.95028093907814
135042,American,29.098195671053467,77.26016136024889
132768,Polish,29.082793204346338,76.85479533035321
132561,Dutch-Belgian,28.699277593488702,78.29831578172104
135045,Bar,28.670711180711,78.47987027721014
132847,International,28.876414758836944,76.92544346360333
135054,Steaks,28.708235548052848,78.32047784704956
134975,Dutch-Belgian,29.017042380046394,77.82171197999887
135053,Chinese,29.382347120932824,76.86637865593464
135050,Seafood,29.395180816005954,78.17845106339462
135025,French,28.955734551550318,77.01603475949032
135030,Mexican,28.55278112500648,77.49091329239675
135057,Pizzeria,28.887513430071234,76.58206373053152
135079,Burgers,29.270889835956634,77.30014497529822
134992,Mexican,28.680768299655774,76.9233773493938
132954,Greek,29.303304207452257,78.32782298127472
135041,Southwestern,28.8128484799234,78.06962112144473
132608,Mexican,29.2530276308847,77.74963557808107
135046,Cafe-Coffee_Shop,28.695873041656768,76.97436105986316
132564,Mexican,29.335722800524607,76.70831692164398
132869,Mexican,28.575263966906054,77.30254265053428
132925,International,28.696651640396077,76.72497660346792
132955,Greek,29.186723131624184,77.00120507077312
135059,Family,28.92475712200673,77.63752573924336
135001,Bar_Pub_Brewery,28.547308361046486,77.60235873893737
135063,Fast_Food,29.317450213764893,78.11375640967438
135080,Italian,28.646953654050655,78.2538849932274
135000,Latin_American,29.09061395377536,76.84647804416358
135066,Mexican,28.920238572838958,76.62777105591516
135034,Mexican,28.983852523552017,77.5541769440689
135060,Spanish,28.729145787876845,78.43521618598447
135055,Pizzeria,28.7574905922542,77.80147262946757
135108,Chinese,28.855517713541943,77.01991992329228
135074,German,28.737217246941643,76.89504638552238
135018,Dutch-Belgian,28.55338241330059,77.03467864428858
135064,Dutch-Belgian,29.155510471731255,77.51905505816126
135038,Dessert-Ice_Cream,28.94760985463126,78.21241284693086
135081,Italian,28.59326941354889,76.51329403445098
132723,Bar,29.036986045548513,77.27420592807513
135051,Bar,29.34281959482786,76.70972405312601
135021,Mexican,28.507730835032547,76.78714423877491
135052,Cafe-Coffee_Shop,28.660521022967554,77.20506011026453
132845,Chinese,29.295037959877988,76.6278622874414
135011,Mexican,28.777305666810598,78.34969830121243
132858,International,29.14906487169312,77.82894424209738
135026,Mexican,29.457721264297188,77.09069460214553
132884,Japanese,28.53417724986714,77.61878388884439
135016,Mexican,28.875710391301148,78.03662134345502
135104,African,29.045398148198075,78.31790246604734
132630,Mexican,29.444577205273397,76.68425754982648
135047,Juice,29.320442447685963,78.1909747700584
132951,Mexican,28.91103820280229,76.56091655573928
132665,Greek,28.99983483403052,77.83796473275626
135044,Cafe-Coffee_Shop,29.076048688248463,78.21012795568542
135035,Family,28.75559375698041,77.599111943952
135071,International,28.885295477818943,76.86577244116624
132834,Mexican,28.831260628827778,77.04347762728352
132846,Italian,28.671572924554393,77.47022338324415
135048,Barbecue,29.471924948716584,77.42425896169934
132717,German,29.15111304001846,76.83923801051058
132861,Armenian,29.025725302790153,78.0634642351703
132885,American,28.619218189146423,77.35781757059125
132740,Dessert-Ice_Cream,28.52577799034277,77.00566608048038
132830,Mexican,28.68169241537285,78.19041843515
132773,Dutch-Belgian,29.04351846633043,77.16491009075393
132706,Mexican,29.453031969508597,78.02601509877285
132872,Cafeteria,28.850195812929915,76.6937212399017
134987,American,28.570710554337577,77.13546144029979
132572,Chinese,28.840103579817196,76.56567310314001
132958,Cafe-Coffee_Shop,29.274425072829295,77.38118139612318
132733,Bar_Pub_Brewery,29.04751632978826,77.0398558871646
132922,International,28.936165373371026,77.6940360009009
132715,French,28.776182113288623,78.4770245179971
135027,Mexican,28.815839400347198,77.30877735514039
132767,Japanese,29.20100557942149,76.57292055267355
135039,Mexican,29.16583505322073,76.90400746259391
134996,Pizzeria,28.822790706950453,78.18782631089469
132755,Mexican,28.982420439658785,77.29289553890379
135043,Mexican,29.241590197321905,77.00282268807072
132654,Mexican,28.952021221467184,77.02375589839335
135049,Bar,29.212886511621324,78.31799851432359
135073,Greek,28.89988580631292,77.40797404688739
132560,Japanese,28.615139801486983,76.6305771837942
134976,Steaks,29.20979205512898,76.90958184659925
135075,Cafe-Coffee_Shop,29.089774578598497,77.20792157598399
132660,Deli-Sandwiches,28.878487225860106,77.88992243105801
132921,Bar_Pub_Brewery,28.66450378465768,78.14815947145672
132594,Family,29.213196226532745,76.89756134860733
134986,Mexican,28.859378458986363,77.51142869954435
135062,Bar,28.891070069716292,76.84989045624341
132766,Mexican,29.36354869866549,78.0321160782232
135088,Mexican,29.2388241415178,77.85636564642023
135058,Cafe-Coffee_Shop,28.952911730291852,78.45716130304348
132754,French,29.102352022990313,78.18283706620768
132584,German,29.292693335363232,77.33124450562839
135032,Italian,28.576821594435337,76.50119387471787
135028,Cafe-Coffee_Shop,28.968996947588664,77.23244770113463
135085,Mexican,29.202155087785503,77.05507207728076
132663,Italian,28.96182342364532,78.24399298281591
132626,Mexican,29.437471663428752,78.25121814485098
132583,Cafe-Coffee_Shop,29.419285054039506,76.990954034404
132866,Mediterranean,28.684073086052486,78.11960018521405
135072,Mexican,29.48210138506207,78.28897789465209
135109,International,29.46994327050051,76.64257642915163
135019,Mexican,29.34199079996449,78.2774309475678
132877,Dutch-Belgian,28.869593811933683,76.64963852284481
